year	quarter	document	file	json	preview
2026	Q1	Бухгалтерский баланс	https://reyni300.github.io/dokanaliz-demo/files/balans-1kv-2026.pdf	https://reyni300.github.io/dokanaliz-demo/ea434ea6cd19481da5f4e4f1c691d40e.json	https://reyni300.github.io/dokanaliz-demo/?id=ea434ea6cd19481da5f4e4f1c691d40e
2026	Q1	Отчёт о прибылях и убытках	https://reyni300.github.io/dokanaliz-demo/files/opu-1kv-2026.pdf	https://reyni300.github.io/dokanaliz-demo/f421750e15fd4d24864defaa575b5bd0.json	https://reyni300.github.io/dokanaliz-demo/?id=f421750e15fd4d24864defaa575b5bd0
2026	Q2	Бухгалтерский баланс	https://reyni300.github.io/dokanaliz-demo/files/balans-2kv-2026.pdf	https://reyni300.github.io/dokanaliz-demo/40b0bcbdbd964118aa6354e9e578eac3.json	https://reyni300.github.io/dokanaliz-demo/?id=40b0bcbdbd964118aa6354e9e578eac3
2026	Q2	Отчёт о прибылях и убытках	https://reyni300.github.io/dokanaliz-demo/files/opu-2kv-2026.pdf	https://reyni300.github.io/dokanaliz-demo/28ed81e1d6324d64a4e215ae8fb25b18.json	https://reyni300.github.io/dokanaliz-demo/?id=28ed81e1d6324d64a4e215ae8fb25b18
2025	Q1	Бухгалтерский баланс	https://reyni300.github.io/dokanaliz-demo/files/balans-1kv-2025.pdf	https://reyni300.github.io/dokanaliz-demo/d5392bf5948048218ac33993dde0b19e.json	https://reyni300.github.io/dokanaliz-demo/?id=d5392bf5948048218ac33993dde0b19e
2025	Q1	Отчёт о прибылях и убытках	https://reyni300.github.io/dokanaliz-demo/files/opu-1kv-2025.pdf	https://reyni300.github.io/dokanaliz-demo/8c942b0a2ca541a99776372d29b13222.json	https://reyni300.github.io/dokanaliz-demo/?id=8c942b0a2ca541a99776372d29b13222
2025	Q2	Бухгалтерский баланс	https://reyni300.github.io/dokanaliz-demo/files/balans-2kv-2025.pdf	https://reyni300.github.io/dokanaliz-demo/55fa07d40a8f470d9af0f4b3e268b926.json	https://reyni300.github.io/dokanaliz-demo/?id=55fa07d40a8f470d9af0f4b3e268b926
2025	Q2	Отчёт о прибылях и убытках	https://reyni300.github.io/dokanaliz-demo/files/opu-2kv-2025.pdf	https://reyni300.github.io/dokanaliz-demo/b330e6e3dd4141228a8a7dd188c17044.json	https://reyni300.github.io/dokanaliz-demo/?id=b330e6e3dd4141228a8a7dd188c17044
2025	Q3	Бухгалтерский баланс	https://reyni300.github.io/dokanaliz-demo/files/balans-3kv-2025.pdf	https://reyni300.github.io/dokanaliz-demo/ee1a8cb4a4234c4e8125a394fda86aa0.json	https://reyni300.github.io/dokanaliz-demo/?id=ee1a8cb4a4234c4e8125a394fda86aa0
2025	Q3	Отчёт о прибылях и убытках	https://reyni300.github.io/dokanaliz-demo/files/opu-3kv-2025.pdf	https://reyni300.github.io/dokanaliz-demo/5ebb60a78c2e4e0a841a7546f3ee8bed.json	https://reyni300.github.io/dokanaliz-demo/?id=5ebb60a78c2e4e0a841a7546f3ee8bed
2025	Q4	Бухгалтерский баланс	https://reyni300.github.io/dokanaliz-demo/files/balans-2025.pdf	https://reyni300.github.io/dokanaliz-demo/1741efd36bd4457dbc670675fcb7876b.json	https://reyni300.github.io/dokanaliz-demo/?id=1741efd36bd4457dbc670675fcb7876b
2025	Q4	Отчёт о прибылях и убытках	https://reyni300.github.io/dokanaliz-demo/files/opu-2025.pdf	https://reyni300.github.io/dokanaliz-demo/f944617fb97b472fb0f3e3b994881627.json	https://reyni300.github.io/dokanaliz-demo/?id=f944617fb97b472fb0f3e3b994881627
